{
  "test_report": {
    "control": {
      "precision": 0.95,
      "recall": 0.9827586206896551,
      "f1-score": 0.9661016949152542,
      "support": 58.0
    },
    "alcohol": {
      "precision": 0.9824561403508771,
      "recall": 0.9491525423728814,
      "f1-score": 0.9655172413793104,
      "support": 59.0
    },
    "accuracy": 0.9658119658119658,
    "macro avg": {
      "precision": 0.9662280701754385,
      "recall": 0.9659555815312683,
      "f1-score": 0.9658094681472823,
      "support": 117.0
    },
    "weighted avg": {
      "precision": 0.9663667716299295,
      "recall": 0.9658119658119658,
      "f1-score": 0.9658069704825989,
      "support": 117.0
    }
  },
  "confusion_matrix": [
    [
      57,
      1
    ],
    [
      3,
      56
    ]
  ],
  "roc_auc": 0.9924021040327293,
  "cv_scores": [
    0.9042553191489362,
    0.9148936170212766,
    0.9574468085106383,
    0.967741935483871,
    0.9247311827956989
  ],
  "cv_mean": 0.9338137725920841
}